{"gpsLat":52.527308,"gpsLng":13.367355,"prevGpsLat":52.527308,"prevGpsLng":13.367355,"speed":42,"delay":0,"altitude":14.4,"temperature":null}
