{
    "length": 1,
    "sections": [
        {
            "begin": 0,
            "end": 0.2899824380874634,
            "name": "D"
        },
        {
            "begin": 0.2899824380874634,
            "end": 0.46983012557029724,
            "name": "C"
        },
        {
            "begin": 0.46983012557029724,
            "end": 0.7598125338554382,
            "name": "B"
        },
        {
            "begin": 0.7598125338554382,
            "end": 1,
            "name": "A"
        }
    ]
}
